{
  "ensemble_auc": 0.8668419158742093,
  "ensemble_aucs": {
    "NR-AR": 0.8188155797187656,
    "NR-AR-LBD": 0.8832225491264394,
    "NR-AhR": 0.9023269250971742,
    "NR-Aromatase": 0.8748287872265488,
    "NR-ER": 0.7696452983107118,
    "NR-ER-LBD": 0.8710266159695818,
    "NR-PPAR-gamma": 0.8901435406698565,
    "SR-ARE": 0.8325367647058823,
    "SR-ATAD5": 0.9121583652618136,
    "SR-HSE": 0.857056322826494,
    "SR-MMP": 0.9010761659403909,
    "SR-p53": 0.8892660756368534
  },
  "weights": {
    "mlp": 0.2,
    "gcn": 0.4,
    "attentivefp": 0.4
  },
  "individual_aucs": {
    "mlp": 0.8139755846499215,
    "gcn": 0.8514691141911158,
    "attentivefp": 0.8523670028814999
  }
}