{
  "ensemble_auc": 0.856864172113558,
  "ensemble_aucs": {
    "NR-AR": 0.7910371410216757,
    "NR-AR-LBD": 0.8894518905960552,
    "NR-AhR": 0.9038396890429666,
    "NR-Aromatase": 0.8636950651586898,
    "NR-ER": 0.7783968850698174,
    "NR-ER-LBD": 0.8688430200977729,
    "NR-PPAR-gamma": 0.8614035087719298,
    "SR-ARE": 0.8223230698529412,
    "SR-ATAD5": 0.8797318007662835,
    "SR-HSE": 0.8294345690433711,
    "SR-MMP": 0.9049941089921021,
    "SR-p53": 0.8892193169490891
  },
  "weights": {
    "mlp": 0.1,
    "gcn": 0.5,
    "attentivefp": 0.4
  },
  "individual_aucs": {
    "mlp": 0.8099043506731117,
    "gcn": 0.842839533513278,
    "attentivefp": 0.8392785436870627
  }
}