{
  "total_loss": [
    0.47670185733206416,
    0.4489624296524087,
    0.4444878578794246,
    0.44198113512627935,
    0.44033539173554404,
    0.4392046160539802,
    0.43817455245524034,
    0.43748859164057946,
    0.43694743164339844,
    0.43641157509112843,
    0.4358820446899959,
    0.43561683169433046,
    0.4352756410228963,
    0.434967752317993,
    0.43478287482748224,
    0.4345591151896788,
    0.43465859321307165,
    0.4348817721617465,
    0.43429489372944347,
    0.43395523955019155,
    0.43390478208965183,
    0.4337512355069725,
    0.4336257341260813,
    0.4335272103852155,
    0.4334059158454136,
    0.4333072624036244,
    0.43318092382075835,
    0.43316042788174686,
    0.4329614549571154,
    0.4329336366179038,
    0.43291526029304583,
    0.432737584472919,
    0.4326699230135704,
    0.43270571529865265,
    0.43321453962399037,
    0.4330302580278747,
    0.432820589262612,
    0.4327573903969356,
    0.4326619703550728,
    0.43268004318281095,
    0.4326265720384462,
    0.43247312505026253,
    0.4324709770022606,
    0.43239521767411915,
    0.43226166738539323,
    0.43226296971647105,
    0.43222574828838817,
    0.432122785674066,
    0.43208120033449054,
    0.4320353965978233,
    0.4320144110492298,
    0.4319943034527253,
    0.4319642242424342,
    0.43192740468954555,
    0.43195270260377805,
    0.43183997151803,
    0.4318431031947233,
    0.4317678950574933,
    0.4317852228271718,
    0.43175715268874654,
    0.4317240699821589,
    0.43165704501526697,
    0.431636244970925,
    0.4315945125964223,
    0.4315408912240242,
    0.43157312365210787,
    0.4315195428777714,
    0.4315587294344999,
    0.4315056058825279,
    0.43148396589926313,
    0.4314463203962968,
    0.43140806713882757,
    0.4314579560744519,
    0.43140045431803686,
    0.4313538079054988,
    0.43134448464427677,
    0.43139553784715884,
    0.4313432765858514,
    0.43132325702784013,
    0.4312842389454647,
    0.43138191043114177,
    0.4312943980401876,
    0.43129065526383265,
    0.4312640274969899,
    0.4312164699848817,
    0.43122806567318583,
    0.43120466187900425,
    0.43124357747788333,
    0.43123094342192825,
    0.4312047043016979,
    0.43117465793478243,
    0.43117915352388303,
    0.4311741879399942,
    0.43120377297912327,
    0.4311719136882801,
    0.43113747026239124,
    0.4311728308699569,
    0.43118572083054757,
    0.43115302540209827,
    0.43114883680732885
  ],
  "mask_loss": [
    0.019115272956919307,
    0.009140224167506913,
    0.007774283909904105,
    0.007114447418087143,
    0.0066845948185429585,
    0.006360576480950172,
    0.006113920657781466,
    0.005902219789425785,
    0.005725970033233111,
    0.005618889830360303,
    0.005451355162741882,
    0.005375833395507415,
    0.005273908875616533,
    0.00520527072022764,
    0.0051792054912265465,
    0.005083955251801835,
    0.005059279420660163,
    0.0050439184783406706,
    0.004951946294809483,
    0.004869654116562891,
    0.004911925227913473,
    0.004825447853512074,
    0.0048215415789650716,
    0.0048082755327376785,
    0.0047412729983655165,
    0.004692309386362987,
    0.004641921185812324,
    0.004623763724135197,
    0.004561539317661782,
    0.00456085507472863,
    0.004504098685230224,
    0.004492764295867587,
    0.0044537202516874794,
    0.0044705365815351965,
    0.0044657444327176376,
    0.004463098078433957,
    0.004416025393376393,
    0.004386043446898765,
    0.0043747500487964375,
    0.004335749534443401,
    0.004316877224482596,
    0.004302689101195381,
    0.004299514008714456,
    0.004258540779713313,
    0.004220911930077614,
    0.0042160115387689856,
    0.004228729430386531,
    0.004150473310764195,
    0.004169215677467612,
    0.00414745724517662,
    0.004154076126204538,
    0.004094034214789162,
    0.004112227598908453,
    0.0040778604927662835,
    0.004037075320838438,
    0.004023745967246288,
    0.004048726446593979,
    0.004007444310724279,
    0.004026981334354044,
    0.004009673681955936,
    0.0039688694309823365,
    0.003953813482551094,
    0.003944649879003362,
    0.003933154393405635,
    0.0039046909565068023,
    0.003932248439867885,
    0.0038868538911777492,
    0.0039334089640166835,
    0.003898524362071208,
    0.00388066812622722,
    0.0038794967398161485,
    0.0038624929801123788,
    0.0038858556963161242,
    0.003849543134529828,
    0.0038476043098073986,
    0.003830846825529042,
    0.0038444880652716575,
    0.0038327641668729484,
    0.0038487225490603217,
    0.003831098178087981,
    0.0038480693818906285,
    0.0038226285785417625,
    0.0038138596051163517,
    0.0038027560020017686,
    0.0037832805501981353,
    0.003787715624713776,
    0.003756415508735013,
    0.003787476268872543,
    0.0037625083469367605,
    0.003781462120300881,
    0.0037556538709952515,
    0.0037516588891609286,
    0.0037692794635682844,
    0.003762674775706338,
    0.003765349665998804,
    0.003763228470735176,
    0.0037549790778976617,
    0.0037626370666453577,
    0.003743447609274287,
    0.0037431635440099147
  ],
  "contrast_loss": [
    4.57586577960423,
    4.398222000015025,
    4.3671356986980046,
    4.34866682242374,
    4.3365079055027085,
    4.328440332899288,
    4.3206062706149355,
    4.315863670135031,
    4.312214564303963,
    4.307926770375699,
    4.304306835544352,
    4.302409931105011,
    4.300017268073802,
    4.29762474858031,
    4.296036631477122,
    4.294751544387973,
    4.295993075078847,
    4.298378477291185,
    4.293429399023251,
    4.290855799402509,
    4.289928510480998,
    4.289257835368721,
    4.288041865339085,
    4.287189298746537,
    4.286646358820857,
    4.286149478688532,
    4.285389958595743,
    4.285366571679408,
    4.283999100023387,
    4.283727745620572,
    4.284111555741758,
    4.282448139725899,
    4.282161982692018,
    4.282351729821186,
    4.287487892472014,
    4.28567153823619,
    4.284045573399991,
    4.283713404013186,
    4.282872146489669,
    4.283442882858977,
    4.283096892493112,
    4.281704312684584,
    4.281714574414856,
    4.281366711976577,
    4.280407502943156,
    4.280469530699205,
    4.279970117977688,
    4.279723045777302,
    4.279119790816794,
    4.278879338381242,
    4.278603306838444,
    4.279002628764328,
    4.278519916291139,
    4.278495387155182,
    4.2791562141204365,
    4.278162209355101,
    4.277943706025883,
    4.2776044461191916,
    4.277582376587148,
    4.277474722083734,
    4.277551952673464,
    4.277032248827876,
    4.276915889613482,
    4.276613516466958,
    4.276361949589788,
    4.276408695444768,
    4.27632681934201,
    4.276253138269697,
    4.276070765086582,
    4.276032918569993,
    4.275668175853029,
    4.275455674346612,
    4.275720946642817,
    4.275509048481377,
    4.275061969854394,
    4.27513633455549,
    4.275510425470313,
    4.275105049415511,
    4.274745291593123,
    4.274531349843862,
    4.275338328614527,
    4.274717643552897,
    4.274767889052021,
    4.274612655445021,
    4.274331828769372,
    4.274403430977646,
    4.274482399833445,
    4.274560962404523,
    4.274684292929513,
    4.274232366863562,
    4.2741899818790206,
    4.274274886870871,
    4.274049019326969,
    4.274410924132989,
    4.274065585768953,
    4.273742350996757,
    4.274178451421309,
    4.27423077335163,
    4.274095712875833,
    4.274056683997719
  ]
}